{
  "left":[0,0.499969,0.865997,0.999969,0.865997,0.499969,0,0.5,0.866028,0,0.866028,0.5],
  "right":[0,0.499969,0.865997,0.999969,0.865997,0.499969,0,0.5,0.866028,0,0.866028,0.5],
  "mid":[0,0.499969,0.865997,0.999969,0.865997,0.499969,0,0.5,0.866028,0,0.866028,0.5],
  "side":[0,0.499969,0.865997,0.999969,0.865997,0.499969,0,0.5,0.866028,0,0.866028,0.5],
  "min":[0,0.499969,0.865997,0.999969,0.865997,0.499969,0,0.5,0.866028,0,0.866028,0.5],
  "max":[0,0.499969,0.865997,0.999969,0.865997,0.499969,0,0.5,0.866028,0,0.866028,0.5]
}
